Harapan_Lama_Sekolah;Pengeluaran_Perkapita;Rerata_Lama_Sekolah;Usia_Harapan_Hidup;IPM
1436;9572;937;6996;High
139;7148;948;6528;Normal
1432;8776;868;6743;Normal
146;8180;888;644;Normal
1401;8030;967;6822;Normal
1304;8577;821;6874;Normal
1428;10780;986;6886;High
1461;9593;955;6799;High
1473;9644;1033;6979;High
1447;9860;9;6695;High
1484;8867;929;7126;High
1471;8201;864;6881;Normal
1365;8428;867;6506;Normal
1378;8856;84;6553;Normal
1376;8367;891;6963;Normal
1414;8292;869;6924;Normal
1399;9666;871;6719;Normal
1347;11118;10;6926;High
1497;10290;934;7018;High
178;16891;1283;7152;Very-High
1413;11378;1118;7056;High
1563;12067;1112;6943;High
1521;11390;1111;7164;High
1462;7385;803;6407;Normal
1327;10499;958;6923;High
1284;6995;564;6978;Normal
1361;9771;863;6265;Normal
1335;11304;929;6497;High
1307;10138;884;6724;Normal
137;11710;999;6876;High
1346;12224;1057;7029;High
1274;11212;925;6995;High
1261;11030;88;6837;High
1279;11376;961;7137;High
1311;10504;959;6919;High
1277;12412;10;7158;High
1336;12291;101;7177;High
1324;11142;866;6897;High
1227;7041;606;6886;Normal
1329;8016;971;6951;Normal
1387;8254;914;6596;Normal
1348;8504;944;7141;High
1261;11017;869;6882;High
1264;10539;807;6713;Normal
1304;10055;938;6722;High
1327;8921;902;6713;Normal
1301;11562;89;6881;High
1319;11840;841;6956;High
1304;6155;677;6955;Normal
1295;5924;669;6908;Normal
1328;11540;1041;6925;High
1262;11225;945;6344;Normal
1457;12436;1129;7377;High
1273;12939;1044;7095;High
1475;14999;1148;7323;Very-High
1363;11063;1094;7245;High
1456;10965;1109;695;High
1375;8134;862;7132;Normal
1409;10790;907;6959;High
1289;6321;72;6473;Normal
1333;9270;827;7096;High
1305;10215;787;6879;Normal
1238;10389;812;6636;Normal
1434;10616;862;7012;High
1368;11050;788;6897;High
1388;9662;897;7253;High
133;9668;807;6984;Normal
1281;8440;81;6759;Normal
1272;10367;832;6801;Normal
1244;11324;855;7153;High
1368;9089;827;6794;Normal
1653;14540;1159;7369;Very-High
1433;12168;1104;7373;High
1318;10195;1032;701;High
1507;10754;1163;7282;High
1498;13331;1134;745;Very-High
1427;13317;1081;7384;High
1455;12818;1067;7038;High
1328;10736;919;7167;High
1334;10309;875;686;High
1246;10260;839;7026;High
1193;9945;724;6798;Normal
1241;11672;87;7124;High
1281;11807;986;7113;High
1355;10858;927;7083;High
1285;9406;854;7018;Normal
1288;11415;97;7124;High
1276;9417;826;7039;Normal
1283;7780;784;6778;Normal
1555;14360;1192;7241;Very-High
1331;11818;1014;7098;High
1304;10588;86;7122;High
1388;10184;856;70;High
1204;10380;79;7129;Normal
1228;11792;804;6921;High
1293;10032;812;7064;High
1284;8825;858;7132;Normal
1217;9163;692;6634;Normal
1263;9699;8;6817;Normal
1264;10546;759;7002;Normal
1263;11670;828;6783;High
1537;12240;112;7271;High
148;10454;1033;7221;High
1254;10662;83;6998;High
1283;10040;871;6824;Normal
1168;10755;705;6867;Normal
1198;10995;78;6902;Normal
1235;9735;852;6616;Normal
1219;9550;753;6826;Normal
1229;10140;763;6884;Normal
1177;9860;744;6906;Normal
1176;8585;785;6707;Normal
1245;11531;756;6917;Normal
1231;10454;787;656;Normal
1207;9400;764;6513;Normal
1217;8210;705;6833;Normal
1158;9855;709;6576;Normal
1442;14704;1075;7101;High
1292;12752;997;7047;High
1305;8877;94;6685;Normal
1338;13267;99;6939;High
1367;10487;887;6942;High
1362;9916;927;6793;High
1393;10323;833;6875;High
1288;10410;809;6827;Normal
1306;8638;838;6673;Normal
1329;8256;8;679;Normal
1274;10405;83;6673;Normal
1258;11317;818;634;Normal
1312;9377;829;6808;Normal
1328;9471;748;6819;Normal
1603;14108;118;702;Very-High
1273;10038;808;7073;Normal
1226;9969;807;6765;Normal
1219;9266;734;6867;Normal
1252;9931;77;6942;Normal
1286;10026;777;7078;Normal
1293;11259;759;6987;High
1249;8737;834;693;Normal
1237;9173;771;6946;Normal
1195;10735;755;7001;Normal
1259;7934;771;6915;Normal
1284;10302;839;7027;High
1164;7980;708;6826;Normal
1206;8422;739;7003;Normal
12;8533;819;6366;Normal
147;12247;1095;7142;High
1475;11916;1097;7166;High
1217;12819;808;7073;High
1278;12424;825;7114;High
1186;13563;847;711;High
117;12269;744;7008;Normal
121;12945;72;7152;High
1138;11768;671;6835;Normal
1163;11760;847;721;High
1316;15716;1013;7341;High
1298;14122;1018;7012;High
1257;11879;818;7111;High
1326;14393;867;7046;High
1391;14711;892;6531;High
1259;11938;688;6239;Normal
1288;11950;734;6736;Normal
1317;18034;1115;7336;Very-High
1413;15439;1026;7218;High
1307;18520;1117;7301;Very-High
1263;12587;881;6899;High
1334;23888;1164;742;Very-High
1396;17733;1167;7454;Very-High
1326;17365;1139;7419;Very-High
1281;20801;1078;7369;Very-High
1264;18762;1081;7335;Very-High
1261;10934;861;7323;High
1249;10410;831;7136;High
1224;8850;71;7121;Normal
12;8052;719;7032;Normal
127;10307;907;7372;High
1203;7961;753;7159;Normal
1254;7829;748;6967;Normal
142;9259;79;7202;High
1223;9409;78;7378;Normal
1227;10368;71;7218;Normal
1223;9591;731;7046;Normal
1298;10262;852;7262;High
1226;9810;652;7184;Normal
1171;10854;711;7258;Normal
1212;11669;81;7118;High
121;11522;778;7233;High
131;11341;93;7381;High
1188;8546;82;7252;Normal
1208;9065;785;716;Normal
1342;11716;1053;7382;High
1358;10942;981;7258;High
1421;16996;1099;7446;Very-High
1313;11810;1012;7244;High
141;15903;1131;7519;Very-High
1393;15420;1146;7462;Very-High
1381;12019;1108;7421;High
1346;10213;952;7234;High
1324;10476;877;7119;High
1277;11034;775;7447;High
1263;10534;709;739;High
1303;11546;763;738;High
12;10032;725;7321;Normal
1163;9407;675;7428;Normal
1335;9028;755;7355;High
1351;10275;821;7487;High
1176;10760;682;7194;Normal
1255;9440;779;7388;High
1257;13031;785;7603;High
1339;12017;881;7686;High
1384;11428;935;7773;High
125;9429;734;7628;High
1369;11509;857;7755;High
1284;12679;766;7579;High
1244;10294;711;7484;High
1235;9669;699;7451;Normal
1212;10519;73;7461;High
1294;10506;748;7627;High
1324;11272;876;7668;High
1276;10536;779;7591;High
1332;10248;786;7546;High
1298;12070;803;7579;High
1232;9408;725;7564;Normal
1296;11608;746;7448;High
1213;9524;688;7474;Normal
1242;10409;717;7374;High
1196;8573;645;7353;Normal
1289;9700;699;7172;Normal
1205;10152;622;6954;Normal
1415;12349;1062;7693;High
1488;14911;109;7732;Very-High
1542;15843;1066;7755;Very-High
1553;15425;1078;7751;Very-High
1285;12598;918;7444;High
1307;13143;873;7454;High
1564;14111;964;7504;Very-High
1427;10069;902;7527;High
1538;15545;957;7389;Very-High
1298;9505;73;7419;High
1674;16060;1092;7492;Very-High
176;18801;1172;7476;Very-High
1336;11707;788;7138;High
1265;8887;761;7207;Normal
1374;9851;755;7285;High
1247;9743;756;7386;High
1332;10807;834;7416;High
1263;10757;75;7361;High
1344;11127;808;7265;High
1324;10163;743;7261;High
1188;9203;667;7021;Normal
1343;9410;649;6928;Normal
131;12217;742;7072;High
1329;10690;594;6689;Normal
1316;9996;662;6924;Normal
1236;10969;612;6736;Normal
1258;10297;741;7025;Normal
1494;14578;1072;7406;Very-High
1295;12844;864;7259;High
1357;11394;855;7249;High
1287;12172;778;716;High
1317;11658;782;715;High
1404;11833;836;7265;High
1283;11459;726;7241;High
1268;10221;738;7172;Normal
1222;10380;718;7156;Normal
1377;11510;804;7249;High
1377;13280;956;7267;High
1173;8673;596;7022;Normal
1238;8790;486;6807;Normal
1365;8804;67;6767;Normal
1333;9000;592;7156;Normal
1527;12359;1015;7404;High
1433;13816;1035;7386;High
1575;16663;1041;7336;Very-High
136;12245;895;7035;High
1363;13354;933;716;High
1401;13610;1047;7339;High
1441;16095;1137;7283;Very-High
1481;17862;105;7418;Very-High
1416;12887;931;7265;High
1302;12033;893;7002;High
1349;8635;711;6479;Normal
1198;8724;641;6733;Normal
1284;12273;861;6993;High
1258;10713;751;6476;Normal
1387;14575;1083;716;High
1318;13041;1008;6669;High
1279;13281;889;6812;High
1466;15751;1182;7247;Very-High
134;13820;906;7224;High
1292;11675;835;7246;High
1301;14326;914;7375;High
1399;17327;1062;7518;Very-High
1397;14391;929;7378;High
13;11287;814;7141;High
1235;11201;718;7062;Normal
1242;10175;633;7056;Normal
1308;13362;725;7195;High
1409;19598;1148;7493;Very-High
139;10377;738;6669;Normal
1395;11334;642;6719;Normal
1385;9962;629;6638;Normal
139;9450;671;6616;Normal
1307;9167;815;6773;Normal
1353;8899;872;6699;Normal
1339;8495;791;665;Normal
1364;11548;872;6831;High
1276;9057;604;6736;Normal
1564;14999;954;7188;High
1504;11135;1065;705;High
132;7554;769;6715;Normal
1312;7307;684;6712;Normal
1283;9354;732;6516;Normal
1386;7476;739;6491;Normal
1258;6839;674;6646;Normal
1332;6324;796;6709;Normal
1228;7431;736;6489;Normal
1224;6751;842;6164;Normal
1243;7257;823;672;Normal
1292;7578;772;6531;Normal
1343;8021;695;6745;Normal
1379;9027;803;6543;Normal
1271;8819;853;6812;Normal
1369;7133;761;6711;Normal
1319;6503;771;6488;Normal
1229;7410;756;6746;Normal
1304;6061;647;6842;Normal
1307;6355;635;6857;Normal
1249;8254;79;6725;Normal
1226;5780;735;6807;Normal
1315;5256;666;6066;Low
1279;5861;71;6501;Normal
1641;13218;116;6973;High
1265;8974;745;7076;Normal
1263;9828;672;6908;Normal
121;9193;68;7384;Normal
1243;7431;712;7304;Normal
1265;7758;704;7118;Normal
1159;8328;739;7142;Normal
1181;9209;746;7111;Normal
1204;8708;708;7184;Normal
1208;7168;753;7253;Normal
1189;7462;685;7205;Normal
1117;8415;691;7298;Normal
1184;7920;602;6848;Normal
1387;8630;7;7069;Normal
1501;14610;1043;7312;High
1291;11767;79;7218;High
1274;11182;864;6979;High
1273;13117;853;7068;High
1285;11866;815;699;High
1293;11148;76;6878;Normal
1266;11492;895;6719;High
125;9951;885;713;High
1213;8773;809;7156;Normal
1249;11234;843;6939;High
12;9420;796;6926;Normal
1281;10568;868;6587;Normal
1242;10082;819;681;Normal
119;10809;918;7046;High
1284;11322;923;6831;High
1176;10449;761;6953;Normal
1496;14070;1153;7324;Very-High
1281;12143;834;6883;High
1231;11310;789;6959;Normal
1195;11720;746;6932;Normal
1273;12707;752;6741;Normal
124;9868;755;6627;Normal
1195;11952;777;7057;High
1238;12736;776;6612;Normal
1221;12280;801;662;Normal
1292;9644;775;641;Normal
1289;11470;911;7057;High
1248;11844;797;7045;High
1247;11500;769;6785;Normal
1394;14432;102;7129;High
1482;13789;1096;721;High
1381;12116;984;7461;High
1325;10673;879;7288;High
1302;10062;87;731;High
136;11048;923;7264;High
129;10868;943;7346;High
1333;12435;953;7232;High
1257;11651;836;7168;High
1261;7802;818;7233;Normal
1422;14862;1091;7476;Very-High
1509;14582;1049;7454;Very-High
1317;16765;108;7455;Very-High
1294;9075;911;7265;High
1331;9928;94;7149;High
1301;9423;919;7274;High
1222;7676;88;7149;Normal
1265;7064;817;714;Normal
1403;11261;998;7404;High
1294;10882;962;7176;High
1153;10220;803;6945;Normal
1415;12481;973;7116;High
1247;11524;834;7018;High
1259;8558;972;7024;Normal
1283;11554;909;7001;High
1292;11481;10;714;High
1217;9143;841;6773;Normal
1186;8145;903;7087;Normal
1243;10479;911;7021;High
123;8939;815;6449;Normal
1186;9115;793;6794;Normal
1416;13991;1142;719;High
1262;12271;989;711;High
1421;11851;1074;7206;High
1288;10848;1031;706;High
1323;9378;889;6883;Normal
1307;7453;844;6659;Normal
1325;9603;853;7088;High
1335;11028;934;6923;High
1371;8850;95;7119;High
1251;8002;798;675;Normal
1289;7947;876;6618;Normal
131;7974;908;6905;Normal
1248;9675;774;6435;Normal
1229;7621;84;659;Normal
1288;8171;882;7009;Normal
1296;7707;863;6567;Normal
1225;8890;872;6971;Normal
1628;14894;1172;7109;Very-High
1352;11184;846;7066;High
1266;9060;808;6852;Normal
1341;10632;782;681;Normal
1205;11829;677;706;Normal
121;9215;66;6649;Normal
1242;10543;749;673;Normal
1365;9504;82;7045;High
1306;9505;778;6738;Normal
1316;11032;801;6904;High
1277;11519;792;6678;Normal
1359;11017;824;6907;High
1298;9030;723;6721;Normal
1305;9558;782;6981;Normal
1315;12505;705;6748;Normal
1295;12201;794;7001;High
1324;11956;787;6977;High
1371;10973;891;7093;High
1339;10116;835;7044;High
1386;7434;851;734;Normal
1257;11736;786;6867;High
1284;12886;881;7063;High
1339;8134;825;7341;Normal
1558;17097;1143;7213;Very-High
1451;13786;1065;7131;High
1509;13117;1094;7092;High
1368;9381;913;7127;High
1376;7324;792;6839;Normal
138;8218;846;7041;Normal
1301;10151;921;7032;High
1283;12525;899;7121;High
1237;9059;811;7087;Normal
1185;8310;804;6909;Normal
1351;9280;816;7048;Normal
1215;10244;822;7036;Normal
1292;7496;893;7093;Normal
1308;9181;93;6953;High
1269;7753;784;7282;Normal
1232;6738;942;6843;Normal
1251;7502;73;7035;Normal
1312;7244;731;6769;Normal
1324;7279;754;6769;Normal
1689;14356;1251;7383;Very-High
1517;10503;1091;7125;High
1311;10157;79;6819;Normal
1245;8940;7;693;Normal
1318;9412;73;6769;Normal
1238;10409;726;643;Normal
1365;10198;832;6852;High
1246;9064;715;6593;Normal
145;12390;1037;7253;High
1286;9153;796;6525;Normal
1362;10028;891;6177;Normal
1338;8548;744;6253;Normal
1236;7736;788;7094;Normal
1324;9494;796;6777;Normal
1195;11072;809;6645;Normal
1253;8408;751;6855;Normal
1397;8770;1003;6609;Normal
123;6335;969;6345;Normal
1282;7580;976;6514;Normal
1417;10243;968;6645;High
1304;10347;879;6644;Normal
1231;7623;883;6296;Normal
1348;8720;892;6185;Normal
1277;9480;846;5962;Normal
1235;6918;859;6255;Normal
127;7600;795;6636;Normal
1604;14148;122;7063;Very-High
1398;7405;1053;6568;Normal
1368;8140;909;6845;Normal
132;7467;837;6634;Normal
1311;7966;901;6415;Normal
1277;7040;9;6339;Normal
1279;7142;81;6593;Normal
1361;7519;862;6961;Normal
1276;7973;827;6908;Normal
1293;6378;74;6735;Normal
1265;6467;767;6222;Normal
1575;13290;1181;7106;Very-High
1432;8316;995;6943;High
1313;7929;769;6614;Normal
1463;7446;897;685;Normal
1241;8151;858;6493;Normal
1163;8034;708;6024;Normal
1242;9708;822;6099;Normal
1366;11977;834;6882;High
1317;6188;749;6639;Normal
1372;7350;833;6622;Normal
1206;7882;802;6483;Normal
1218;4903;539;602;Low
1347;5245;696;6525;Low
1235;5505;663;676;Low
1172;5009;512;6726;Low
1439;13744;1119;7093;High
1111;6955;676;6593;Normal
1414;10201;873;6707;High
1253;7545;56;599;Low
1439;9989;1005;6716;High
1218;8856;1001;6815;Normal
1274;7491;947;6917;Normal
142;9607;1034;6829;High
105;6377;477;6662;Low
749;5289;374;6533;Low
1269;11400;1018;7236;High
1108;7864;879;6032;Normal
1079;6327;651;6531;Low
93;5736;508;5859;Low
762;4895;427;6605;Low
647;5429;304;6454;Low
861;4841;365;6583;Low
1229;6617;883;6646;Normal
1243;8926;802;6678;Normal
128;6788;921;6642;Normal
13;5708;887;6606;Normal
118;4603;587;58;Low
387;3976;142;5543;Low
889;4393;343;6611;Low
922;4487;333;6375;Low
932;4664;301;6549;Low
54;5412;216;6586;Low
1059;5415;494;6585;Low
766;5328;309;6569;Low
982;4673;325;6536;Low
1502;14937;1157;7052;Very-High
1308;11156;854;7157;High
1431;9492;933;6993;High
1376;7085;934;6526;Normal
1431;8707;853;6739;Normal
1442;8089;887;6435;Normal
14;8020;966;6814;Normal
1303;8489;815;6872;Normal
1427;10673;985;6885;High
146;9516;937;6798;High
1472;9641;1032;6978;High
1446;9816;899;6694;High
1483;8857;928;7122;High
147;8122;863;688;Normal
1358;8316;866;65;Normal
1377;8791;82;6547;Normal
1359;8327;89;6958;Normal
1413;8216;868;6922;Normal
1398;9615;87;6716;Normal
1346;11098;979;6922;High
1482;10071;933;7014;High
1779;16778;1265;7145;Very-High
1395;11273;1114;7051;High
1535;12057;1111;6942;High
152;11367;1091;716;High
1461;7317;784;6402;Normal
1323;10420;954;691;High
1257;6898;536;6975;Normal
1332;9684;862;626;Normal
1324;11236;928;6491;High
1306;10071;862;6715;Normal
1369;11648;985;6863;High
1345;12154;1052;7008;High
1273;11150;924;6993;High
126;10890;879;6826;High
1278;11308;96;7122;High
131;10350;958;69;High
1276;12349;979;714;High
1335;12225;1009;7173;High
1305;11071;865;688;High
1223;6974;585;6874;Normal
1328;7850;954;6927;Normal
1386;8170;903;6574;Normal
1347;8422;943;7127;High
126;10950;854;6868;High
1263;10410;806;6696;Normal
1287;9987;937;6717;Normal
1303;8807;901;6709;Normal
13;11495;875;6871;High
1304;11779;84;6946;High
1303;6064;658;6943;Normal
1294;5830;649;6896;Normal
1316;11473;104;6901;High
125;11132;944;6327;Normal
1445;12372;1116;7355;High
1272;12876;1031;7087;High
1474;14890;1139;7314;Very-High
1362;10997;1093;7238;High
1454;10856;11;6941;High
1374;7980;861;7119;Normal
1402;10733;899;6947;High
1282;6281;709;6473;Normal
1332;9212;826;7086;Normal
1304;10171;786;6858;Normal
1237;10361;811;6621;Normal
1433;10588;861;6994;High
1367;10998;787;6879;High
1387;9651;896;7237;High
1329;9596;799;6979;Normal
128;8425;809;674;Normal
1271;10325;828;6781;Normal
1243;11273;847;7133;High
1361;9047;819;6782;Normal
1652;14481;1158;7365;Very-High
1432;12117;1103;7361;High
1317;10182;1017;70;High
1506;10734;1162;7282;High
1497;13282;1133;7438;Very-High
1426;13281;1073;7374;High
1454;12796;1059;7028;High
132;10675;914;716;High
1333;10243;859;6855;High
1236;10202;838;7025;Normal
1191;9954;723;6785;Normal
1224;11606;85;7116;High
1276;11799;966;7111;High
1346;10796;926;7076;High
1284;9374;839;7006;Normal
1287;11331;969;712;High
1268;9362;825;703;Normal
1282;7790;77;6768;Normal
1554;14433;1168;7234;Very-High
1312;11751;1007;7093;High
1298;10392;855;7116;High
1387;9995;855;6993;High
1199;10279;776;7126;Normal
1227;11616;787;6917;Normal
1292;9825;811;7056;Normal
1283;8556;857;7127;Normal
1216;9026;67;6623;Normal
1262;9480;771;6812;Normal
126;10389;758;6999;Normal
1262;11471;827;6774;Normal
151;12056;1092;7265;High
1479;10248;1032;7211;High
1245;10652;824;6988;High
126;10020;87;682;Normal
1142;10725;704;6861;Normal
1197;10951;779;689;Normal
1234;9730;846;6604;Normal
1208;9520;752;6814;Normal
12;10088;762;6875;Normal
1175;9850;72;6897;Normal
1175;8580;784;6704;Normal
1223;11505;755;691;Normal
123;10424;786;6548;Normal
1206;9350;76;6508;Normal
1205;8196;704;6827;Normal
1157;9783;684;6568;Normal
1441;14679;1053;7079;High
1291;12723;996;7032;High
1285;8795;939;6671;Normal
1337;13243;989;6925;High
1361;10380;884;6935;High
1361;9837;926;679;High
1383;10234;828;6857;High
1287;10263;787;6819;Normal
1299;8593;837;6663;Normal
1328;8220;799;6775;Normal
1273;10266;829;6664;Normal
1257;11124;799;6329;Normal
129;9273;824;6795;Normal
1303;9392;747;6819;Normal
1602;13938;1179;7013;Very-High
1265;9982;805;7065;Normal
1225;9929;806;6758;Normal
1218;9250;722;6856;Normal
125;9875;769;6933;Normal
1285;9983;76;7073;Normal
1292;11219;758;6984;High
1248;8733;821;6921;Normal
1236;9102;77;694;Normal
1189;10683;749;6997;Normal
1236;7892;77;6904;Normal
1283;10262;838;7008;High
1163;7894;688;6819;Normal
1205;8395;724;70;Normal
1199;8457;801;635;Normal
1464;12197;1093;7137;High
1447;11906;1096;7163;High
1205;12794;806;7064;High
1277;12416;824;7106;High
1185;13554;846;7105;High
1153;12233;722;7006;Normal
1181;12909;719;7136;High
1137;11757;667;6816;Normal
1152;11730;822;7203;High
1315;15663;992;733;High
1287;14209;1012;6996;High
1242;11885;817;7091;High
131;14482;844;7038;High
139;14705;873;6506;High
1245;11998;667;6206;Normal
1281;11875;717;6721;Normal
1316;18095;1114;7333;Very-High
1412;15498;1025;721;High
1298;18227;1113;7291;Very-High
1257;12412;868;6876;High
1333;23575;1163;7412;Very-High
1386;17438;1166;7447;Very-High
1325;17179;1138;7411;Very-High
128;20468;1063;7362;Very-High
1263;18437;108;7328;Very-High
125;10845;855;7304;High
1248;10317;83;7117;High
1223;8823;707;7097;Normal
1199;7980;718;7013;Normal
1269;10201;896;7353;High
1191;7876;752;7141;Normal
1253;7852;735;6947;Normal
1406;9288;77;7183;High
1222;9459;757;7359;Normal
1225;10342;692;7199;Normal
1222;9521;727;7027;Normal
1297;10217;851;7243;High
1225;9859;63;7163;Normal
117;10790;71;7235;Normal
1211;11614;809;7099;High
1209;11315;777;7215;High
1309;11241;912;7368;High
1187;8455;819;7234;Normal
1207;9084;774;714;Normal
1341;11564;1033;7361;High
1347;10999;959;7242;High
142;16887;1075;7428;Very-High
1312;11800;991;7226;High
14;15776;1116;7501;Very-High
1392;15281;1128;7444;Very-High
138;12025;1096;7403;High
1345;10263;933;7215;High
1323;10535;863;7099;High
127;10930;769;7437;High
125;10440;697;7373;Normal
1285;11448;752;7372;High
1199;9914;724;7314;Normal
1146;9263;674;7418;Normal
1334;8901;754;734;Normal
135;10163;812;7472;High
1175;10621;681;7182;Normal
1254;9301;778;7372;Normal
1256;12910;784;7595;High
1325;11921;858;7678;High
1383;11325;934;7765;High
1249;9286;733;7616;High
1368;11428;856;7747;High
1283;12589;765;7571;High
123;10221;691;7475;Normal
122;9571;683;7441;Normal
1211;10328;716;7455;High
1265;10390;744;7622;High
1323;11160;875;766;High
1275;10343;768;7584;High
1331;10128;771;754;High
1297;11966;802;7573;High
1214;9343;724;7558;Normal
1295;11425;745;7443;High
1201;9431;687;7469;Normal
1241;10312;691;7369;Normal
1195;8461;642;734;Normal
1267;9612;698;716;Normal
1204;10058;621;6933;Normal
1414;12210;1039;7685;High
1487;14761;1069;7722;Very-High
1541;15699;1042;774;Very-High
1552;15243;1053;7734;Very-High
1284;12467;896;7438;High
1305;12999;851;7446;High
1559;14015;955;7499;High
1426;10041;886;7524;High
1517;15517;955;7386;Very-High
1297;9486;721;7412;Normal
1673;15926;1091;7481;Very-High
1743;18678;1146;7465;Very-High
1319;11601;778;713;High
1264;8796;76;7194;Normal
1373;9670;754;7277;High
1235;9630;755;7375;Normal
1331;10705;833;7408;High
1246;10654;739;7352;High
1315;11000;802;7261;High
1318;10028;742;7255;High
1181;9088;64;701;Normal
1342;9294;648;6915;Normal
128;12140;716;7065;High
1328;10610;593;6674;Normal
1315;9857;646;6913;Normal
1235;10859;611;672;Normal
1241;10164;74;7023;Normal
1493;14458;105;7404;Very-High
1288;12779;851;7253;High
1327;11261;854;724;High
1286;12130;764;7154;High
1316;11574;781;7138;High
1403;11776;824;7259;High
127;11418;706;723;High
1239;10121;733;7156;Normal
1221;10238;695;7143;Normal
1348;11456;792;724;High
1373;13246;93;7266;High
116;8610;595;7018;Normal
1237;8739;485;6803;Normal
1364;8739;669;6758;Normal
132;8888;571;7141;Normal
1526;12239;993;7402;High
1432;13733;1011;7375;High
1551;16593;1018;7327;Very-High
1359;12180;87;7029;High
1362;13281;912;7152;High
14;13499;1025;7332;High
144;16018;1114;7281;Very-High
148;17755;1049;7418;Very-High
1413;12824;907;7261;High
1289;11964;889;6996;High
1347;8572;71;6466;Normal
1197;8690;64;6721;Normal
1282;12203;839;6989;High
1257;10665;75;6464;Normal
1385;14484;1069;716;High
1316;13010;987;6667;High
1278;13212;876;68;High
1447;15667;1181;7247;Very-High
1333;13929;895;7213;High
1265;11790;823;7235;High
13;14494;888;7365;High
1398;17503;1039;751;Very-High
1389;14544;904;7368;High
1299;11376;813;7125;High
1234;11268;717;7052;Normal
1241;10237;632;7047;Normal
1307;13463;724;7183;High
14;19723;1147;7482;Very-High
137;10351;731;6651;Normal
1371;11304;641;6694;Normal
1367;9952;628;6621;Normal
1369;9409;67;6597;Normal
1306;9146;792;6754;Normal
1332;8889;844;6682;Normal
1329;8468;778;6633;Normal
1362;11536;866;6807;High
1272;9006;591;6717;Normal
1559;14968;946;7176;High
15;11105;1049;7038;High
1318;7598;763;6701;Normal
1311;7321;66;6708;Normal
1282;9406;712;6513;Normal
1385;7526;738;6463;Normal
1257;6861;673;6642;Normal
1331;6364;781;6696;Normal
1227;7479;735;6461;Normal
1223;6786;841;6148;Normal
1242;7305;822;6707;Normal
1291;7631;771;652;Normal
1316;8081;694;6724;Normal
1378;9094;781;6529;Normal
127;8865;852;6804;Normal
1341;7203;737;6703;Normal
1318;6539;759;646;Normal
1228;7468;73;6738;Normal
1296;6108;625;6838;Normal
1306;6372;634;6853;Normal
1248;8309;789;6713;Normal
1199;5818;708;6804;Normal
1314;5265;665;6064;Low
1278;5901;687;6497;Normal
164;13337;1158;6955;High
126;8930;737;7069;Normal
1261;9858;671;6893;Normal
1209;9102;676;7383;Normal
124;7357;711;7284;Normal
1239;7801;703;7104;Normal
1157;8245;715;7142;Normal
118;9163;731;711;Normal
1203;8728;707;7171;Normal
1205;7162;752;7252;Normal
1188;7434;683;7184;Normal
1116;8332;676;7297;Normal
1182;7842;601;6828;Normal
1382;8709;683;7059;Normal
15;14465;1017;7296;High
129;11650;789;7206;High
1266;11154;859;6974;High
1272;13109;842;7059;High
1284;11854;813;6985;High
1292;11015;759;6874;Normal
1255;11486;882;6709;High
1249;9936;871;713;High
1212;8674;801;7153;Normal
1248;11190;842;6936;High
1199;9370;794;6926;Normal
1267;10548;867;6578;Normal
1241;10047;818;6804;Normal
1178;10793;914;704;High
1283;11319;921;6822;High
1175;10419;754;6951;Normal
1495;14055;1152;7321;Very-High
1268;12032;829;6866;High
1201;11207;788;6945;Normal
1193;11530;743;6921;Normal
1244;12603;735;6721;Normal
1239;9805;734;6609;Normal
1194;11841;776;704;High
1217;12672;775;6597;Normal
122;12153;8;6601;Normal
1291;9527;753;6383;Normal
1272;11283;91;7044;High
1237;11718;796;7034;High
1246;11452;755;6772;Normal
1393;14306;995;7113;High
1481;13675;1095;7199;High
1372;11728;977;7433;High
131;10344;855;7262;High
129;9712;847;7286;High
1359;10720;922;7234;High
1289;10485;919;7316;High
1332;12018;952;7206;High
1256;11231;828;7141;High
1251;7524;797;721;Normal
1414;14549;1068;7449;Very-High
1489;14135;1048;7427;Very-High
1303;16278;1079;7428;Very-High
1293;8756;9;7259;High
133;9611;939;7145;High
13;9121;894;7266;High
1221;7381;854;7142;Normal
1264;6804;8;7134;Normal
1402;10894;997;7397;High
1285;10791;949;7169;High
1152;10128;793;6936;Normal
1398;12395;959;7108;High
1232;11427;829;701;High
1251;8505;951;7016;Normal
1274;11481;908;6992;High
128;11405;999;7138;High
1191;9062;84;6766;Normal
1167;8080;897;7073;Normal
1227;10408;888;7015;High
1229;8837;79;6449;Normal
1159;8998;783;6789;Normal
1415;13886;1127;7187;High
1261;12193;988;7107;High
142;11745;1073;7193;High
1279;10744;101;7047;High
1317;9335;883;6869;Normal
1306;7429;843;6631;Normal
1324;9554;852;7088;High
1334;10993;933;6918;High
137;8808;941;7118;High
1249;7960;797;6733;Normal
1273;7917;851;659;Normal
1309;7942;886;6876;Normal
1247;9641;748;643;Normal
1228;7606;839;6567;Normal
1287;8126;86;6999;Normal
1295;7663;862;6538;Normal
1224;8853;871;6961;Normal
1623;14839;1161;7104;Very-High
1345;11079;838;7057;High
1265;8970;788;6846;Normal
1317;10513;767;6792;Normal
1204;11632;672;7054;Normal
1198;9114;659;6639;Normal
1241;10454;729;6718;Normal
1364;9394;819;7043;High
1305;9439;775;673;Normal
1304;10963;773;6902;Normal
1276;11405;766;6666;Normal
1358;10923;823;6902;High
1288;8963;715;6707;Normal
129;9483;781;6965;Normal
1314;12386;681;6735;Normal
1294;12073;784;6983;High
1323;11844;786;6961;High
137;10844;89;7091;High
1333;10014;824;7034;High
138;7217;826;733;Normal
1243;11562;779;6851;Normal
1283;12814;88;7053;High
1338;8097;796;7339;Normal
1557;16873;1121;7209;Very-High
145;13663;1045;7127;High
1508;12995;1076;7088;High
1365;9331;904;7122;High
1375;7307;771;6825;Normal
1379;8203;836;7039;Normal
13;10126;915;7027;High
1281;12515;898;7106;High
1236;9037;786;708;Normal
1184;8234;803;6891;Normal
135;9204;794;7041;Normal
1211;10218;812;7036;Normal
1276;7470;892;7093;Normal
1283;9165;921;6951;Normal
1241;7727;756;7267;Normal
1206;6700;941;6843;Normal
125;7485;701;7034;Normal
13;7221;73;6766;Normal
1323;7263;753;6766;Normal
1662;14335;122;7377;Very-High
1516;10483;1064;7119;High
1308;10020;782;6807;Normal
1244;8789;682;6907;Normal
1317;9277;713;6758;Normal
1237;10255;712;6407;Normal
1357;10052;831;6846;Normal
1245;8921;703;6587;Normal
1434;12278;1036;7249;High
1277;9168;789;6506;Normal
1361;10056;865;6156;Normal
1306;8580;741;6238;Normal
1205;7747;765;7087;Normal
1319;9500;795;6752;Normal
1193;11111;798;662;Normal
1223;8414;746;6833;Normal
1396;8732;993;6598;Normal
1229;6297;968;6342;Normal
1281;7545;973;6507;Normal
1416;10210;967;6642;High
1303;10316;852;6641;Normal
123;7586;882;6287;Normal
1344;8690;887;6169;Normal
1276;9453;843;5941;Normal
1227;6890;835;6238;Normal
1269;7566;794;6627;Normal
1603;14116;1192;7052;Very-High
1397;7351;1052;6547;Normal
1367;8032;904;6833;Normal
1319;7352;835;6625;Normal
1299;7841;9;6391;Normal
1274;6950;895;633;Normal
1278;7068;793;6586;Normal
136;7414;851;6956;Normal
1275;7876;826;6888;Normal
1277;6290;739;6718;Normal
1259;6390;766;621;Normal
1574;13091;1171;7097;High
1431;8188;973;6934;High
1291;8086;76;6602;Normal
1437;7599;884;6847;Normal
1213;8325;841;6481;Normal
1148;8219;698;601;Normal
1231;9974;808;6083;Normal
1365;12207;825;6868;High
1316;6286;736;6625;Normal
1371;7495;817;661;Normal
1203;8014;791;6474;Normal
1191;4998;524;6013;Low
1321;5336;685;6519;Low
1235;5505;663;6758;Low
1172;5099;512;6724;Low
1438;13954;1114;707;High
1108;6954;669;6579;Normal
1388;10097;872;67;High
1227;7441;551;5964;Low
142;9898;1004;6705;High
1192;8840;10;6806;Normal
1273;7484;946;6912;Normal
1396;9705;1033;6825;High
1049;6361;457;6644;Low
724;5282;362;6515;Low
124;11431;1017;7232;High
1107;7947;878;5997;Normal
1055;6353;631;6511;Low
902;5733;494;5805;Low
761;4875;426;6593;Low
625;5409;281;6444;Low
86;4826;364;6571;Low
1205;6600;882;6636;Normal
1242;8910;801;6669;Normal
1279;6732;92;6633;Normal
1274;5677;881;6594;Normal
1179;4581;566;5777;Low
361;3975;113;5527;Low
862;4350;32;6606;Low
893;4462;315;6359;Low
911;4647;279;6542;Low
539;5378;215;6574;Low
1058;5373;493;6573;Low
765;5283;284;656;Low
981;4632;301;6524;Low
1501;14763;1156;7045;High
1298;11013;848;7147;High
143;9603;918;6987;High
1351;7210;908;6522;Normal
143;8715;852;6736;Normal
1441;8187;859;6427;Normal
1399;8067;965;6804;Normal
1302;8600;786;6867;Normal
1426;10782;969;6882;High
1459;9692;909;6793;High
1471;9661;1031;6977;High
1445;9824;882;6689;High
1482;8889;927;7116;High
1469;8189;846;6879;Normal
1357;8491;835;6491;Normal
1373;8845;791;6538;Normal
1358;8362;889;6952;Normal
1412;8348;85;6914;Normal
1397;9682;866;6711;Normal
1345;11124;978;6919;High
1454;10364;904;7006;High
1739;16892;1264;7136;Very-High
1381;11444;1113;7045;High
1534;12099;111;6937;High
1519;11421;109;7152;High
1421;7463;758;6394;Normal
1315;10649;945;6895;High
1239;7042;515;6968;Normal
1317;9900;836;6251;Normal
1312;11410;897;6482;Normal
1279;10175;848;6708;Normal
1368;11791;971;6846;High
1328;12375;1036;6993;High
1267;11193;923;6986;High
1259;10983;849;6811;Normal
1277;11422;936;7107;High
1309;10602;934;6879;High
1275;12474;962;7127;High
1334;12317;1008;7161;High
1281;11208;864;6859;High
1222;7105;553;6858;Normal
1327;7902;953;6906;Normal
1385;8402;873;6559;Normal
1346;8654;915;7116;High
1259;11061;853;6846;High
1262;10575;802;6675;Normal
1247;10194;91;6706;Normal
1302;9100;869;6698;Normal
1299;11553;874;6864;High
1282;11957;836;6937;High
1278;6245;625;6929;Normal
1271;6009;614;6882;Normal
1315;11656;1018;6877;High
1249;11383;926;6302;Normal
1421;12571;1115;7333;High
1271;12895;1028;7076;High
1473;15033;1138;7298;Very-High
1361;11260;1077;7225;High
1453;11181;107;6915;High
1373;8058;858;7102;Normal
1401;10925;892;6931;High
1276;6429;708;6468;Normal
1331;9444;825;7073;High
1303;10309;785;6834;Normal
1236;10395;81;6602;Normal
1432;10709;845;6973;High
1362;11158;786;6858;High
1386;9780;885;7217;High
1328;9842;798;697;Normal
1279;8599;786;6718;Normal
127;10505;816;6758;Normal
1242;11431;846;711;High
134;9180;806;6767;Normal
1651;14728;1134;7357;Very-High
1431;12337;1102;7345;High
1316;10238;997;6987;High
1505;11013;1145;7277;High
1496;13586;1132;7422;Very-High
1425;13464;1072;7361;High
1453;12958;1037;7015;High
1314;11255;903;7148;High
1332;10820;858;6844;High
1235;10738;817;702;High
119;10382;722;6766;Normal
1217;12149;849;7103;High
1275;12347;965;7103;High
1345;11232;925;7064;High
1283;9979;838;6989;Normal
1286;11753;941;7111;High
1267;9672;824;7017;Normal
1281;8358;751;6753;Normal
1537;15206;1143;7222;Very-High
131;12453;985;7082;High
1293;10592;845;7106;High
1386;10198;821;6982;High
1198;10312;768;7118;Normal
1226;11679;776;6909;Normal
1291;10038;785;7044;Normal
1282;8697;833;7118;Normal
1201;9192;635;6608;Normal
1261;9539;77;6803;Normal
1239;10555;757;6991;Normal
1261;11662;815;6761;Normal
149;12205;1091;7257;High
1478;10510;1008;7201;High
1239;10937;818;6965;High
1259;10261;869;6801;Normal
1141;11032;703;6841;Normal
1196;11285;778;6863;Normal
1233;10071;845;6576;Normal
1207;9795;751;6786;Normal
1199;10364;761;6854;Normal
1174;10135;719;6876;Normal
1174;8830;783;6676;Normal
1222;11753;754;6887;Normal
1229;10777;785;6521;Normal
1205;9594;739;6481;Normal
119;8400;675;6807;Normal
1156;10223;65;6543;Normal
144;15087;1052;7054;High
129;13072;972;7009;High
1284;9291;914;6641;Normal
1336;13586;981;6904;High
1359;10409;873;6921;High
136;9813;902;6779;High
1368;10162;826;6837;High
1286;10336;786;6804;Normal
1298;8594;825;665;Normal
1327;8209;791;6756;Normal
1272;10381;799;6651;Normal
1256;11177;79;6312;Normal
1289;9243;793;6778;Normal
1302;9435;722;6812;Normal
1601;14030;1178;7004;Very-High
1263;10114;792;7051;Normal
1224;9970;785;6743;Normal
1217;9294;721;684;Normal
1233;9978;768;692;Normal
1284;10028;759;7061;Normal
1291;11154;757;6975;High
1247;8779;82;6905;Normal
1235;9292;739;6927;Normal
1188;10797;723;6988;Normal
1229;8059;76;6888;Normal
1282;10289;819;6985;Normal
1162;8144;661;6804;Normal
1204;8532;713;6988;Normal
1198;8652;782;6327;Normal
1453;12255;1092;7128;High
1434;12017;1064;7155;High
1194;12959;798;705;High
1276;12480;823;7099;High
1184;13662;841;7094;High
1152;12275;721;6999;Normal
1176;13070;713;7116;High
1136;11910;642;679;Normal
1151;11831;815;719;High
1299;15883;98;7317;High
1283;14466;999;698;High
123;12136;792;7071;High
1295;14730;836;703;High
1389;14821;872;6481;High
1244;12091;651;6175;Normal
1275;12065;691;6706;Normal
1315;18146;1113;7329;Very-High
1409;15838;999;7202;High
1297;18527;1106;7279;Very-High
1256;12623;847;6851;High
1332;23851;1162;7403;Very-High
1382;17662;1165;7437;Very-High
1324;17285;1125;7402;Very-High
1279;20875;104;7354;Very-High
1262;18566;107;7318;Very-High
1248;11152;837;7285;High
1247;10683;829;7101;High
1222;8973;702;7073;Normal
1198;8290;697;6991;Normal
1268;10502;879;734;High
1182;8099;751;7122;Normal
1252;8092;717;6921;Normal
1379;9557;769;7157;High
121;9673;738;7335;Normal
1224;10670;671;7182;Normal
1221;9822;709;6997;Normal
1296;10406;827;7229;High
1224;10090;599;7137;Normal
1169;11012;685;7213;Normal
121;11819;792;708;High
1208;11856;765;7198;High
1308;11610;884;7356;High
1186;8684;818;7218;Normal
1206;9423;767;7112;Normal
134;11825;1032;7341;High
1346;11204;958;7226;High
1419;17254;1074;7414;Very-High
1311;11930;99;7213;High
1399;16157;111;7489;Very-High
1391;15696;11;7431;Very-High
1379;12448;1095;7389;High
1344;10414;913;7193;High
1322;10705;862;7079;High
1268;11102;753;7423;High
1249;10639;693;7352;Normal
1282;11703;742;7355;High
1198;10131;714;7302;Normal
1145;9547;65;7401;Normal
1304;9066;753;7322;Normal
1349;10342;791;7452;High
1174;10871;676;716;Normal
1253;9387;777;7356;Normal
1243;13079;756;7583;High
1324;12074;831;7668;High
1382;11557;91;7755;High
1248;9426;704;7607;Normal
1367;11569;852;7738;High
1269;12720;734;7562;High
1229;10350;686;7461;Normal
1219;9795;658;7423;Normal
121;10551;715;7443;High
1241;10660;719;7604;High
1322;11318;863;765;High
1274;10609;744;7574;High
1301;10344;755;7531;High
1294;12116;801;7563;High
1213;9489;715;7548;Normal
128;11597;725;7433;High
12;9573;663;7459;Normal
124;10508;688;7357;Normal
1194;8546;641;7322;Normal
1258;9798;686;714;Normal
1203;10238;62;6904;Normal
1381;12514;1033;7675;High
1455;15049;1054;7712;Very-High
1534;15944;1041;7722;Very-High
1551;15550;1052;7725;Very-High
1283;12680;871;7428;High
1304;13250;831;7434;High
1558;14394;938;7492;High
1425;10275;866;752;High
1515;15636;954;7377;Very-High
1296;9612;713;7403;Normal
1672;16434;1067;7477;Very-High
1728;19125;1145;7456;Very-High
1316;11739;759;7118;High
1262;9033;728;7177;Normal
1372;9883;721;7265;High
1225;9865;728;7359;Normal
1315;10891;807;7395;High
1245;10861;729;7339;High
1288;11146;801;7254;High
1317;10270;727;7245;High
118;9274;622;6994;Normal
1322;9525;618;6899;Normal
1278;12264;713;7054;High
1327;10665;571;6655;Normal
1314;10097;612;6897;Normal
1234;10972;577;67;Normal
1231;10381;711;7017;Normal
1491;14609;1025;7398;Very-High
1261;12860;849;7243;High
13;11533;853;7227;High
1285;12200;763;7144;High
1314;11650;78;7122;High
14;11779;796;7249;High
1269;11468;698;7216;High
1236;10265;709;7136;Normal
122;10499;681;7126;Normal
1347;11572;789;7227;High
1372;13295;929;7261;High
1159;8718;566;7011;Normal
1208;8760;455;6796;Normal
1363;8834;64;6745;Normal
1319;9082;546;7122;Normal
1497;12440;992;7396;High
1431;13851;101;736;High
1541;16666;1017;7315;Very-High
1357;12280;869;7019;High
136;13393;911;714;High
1383;13710;1024;7321;High
1439;16040;1113;7275;Very-High
1479;17854;1047;7413;Very-High
1412;12870;906;7254;High
1288;12267;874;6984;High
1346;8719;696;6449;Normal
1196;8850;631;6704;Normal
1281;12476;828;6979;High
1243;10802;733;6447;Normal
1384;14860;1065;7157;High
1315;13230;974;666;High
1277;13418;867;6783;High
1443;15988;118;7241;Very-High
1327;14146;884;7199;High
1263;11902;822;7221;High
1299;14608;887;7353;High
1397;17628;1038;7499;Very-High
138;14623;894;7356;High
1298;11484;812;7106;High
1233;11369;716;7037;Normal
124;10302;631;7035;Normal
1291;13780;708;7168;High
1399;19992;1123;7468;Very-High
1348;10640;727;6628;Normal
1348;11647;637;6664;Normal
135;10196;627;6599;Normal
1351;9639;669;6574;Normal
1297;9336;791;6731;Normal
1331;9027;84;666;Normal
1328;8631;777;6611;Normal
1361;11766;853;678;High
1271;9279;584;6692;Normal
1558;15426;945;7159;High
1499;11334;1038;702;High
1315;7769;755;6685;Normal
1289;7586;653;6698;Normal
1281;9640;686;6494;Normal
1384;7698;737;6439;Normal
1256;6955;672;6632;Normal
133;6479;751;6686;Normal
1226;7677;711;6435;Normal
1211;6958;809;6129;Normal
124;7474;821;6697;Normal
129;7770;77;651;Normal
1287;8313;671;6707;Normal
1377;9315;78;6517;Normal
1269;8961;837;6796;Normal
1314;7276;727;6677;Normal
1317;6720;729;6434;Normal
1196;7602;719;6712;Normal
1266;6198;596;6832;Normal
1305;6594;633;6843;Normal
1247;8469;783;6703;Normal
1169;5919;687;6798;Normal
1313;5354;633;6023;Low
1277;5998;686;6489;Normal
1624;13592;1147;6937;High
1258;9055;731;7056;Normal
126;9924;67;6883;Normal
1208;9182;653;7367;Normal
1239;7403;71;727;Normal
1233;7913;682;709;Normal
1156;8410;695;7135;Normal
1179;9259;726;7101;Normal
1202;8823;689;7162;Normal
1204;7206;747;7244;Normal
1157;7640;66;7165;Normal
1115;8465;667;7288;Normal
1181;7905;6;6811;Normal
1364;8773;682;7043;Normal
1499;14515;1014;728;High
1289;11789;772;7185;High
1257;11236;851;6969;High
1271;13175;841;7051;High
1269;11905;812;698;High
129;11063;752;6869;Normal
1254;11582;871;6699;High
1248;10010;86;7129;High
1211;8738;791;7149;Normal
1247;11278;838;6934;High
1198;9385;793;6925;Normal
1251;10639;866;657;Normal
124;10104;808;6798;Normal
1177;10822;903;7032;High
1282;11333;92;6814;High
1174;10471;746;6947;Normal
1494;14091;1151;7319;Very-High
1252;12253;82;6849;High
1196;11318;764;6931;Normal
1192;11731;742;691;Normal
1228;12681;734;6697;Normal
1238;9952;733;6588;Normal
1186;12088;775;7023;High
121;12835;774;6582;Normal
1219;12257;799;6582;Normal
1288;9772;737;6358;Normal
1259;11476;878;7033;High
1236;12025;771;7008;High
1237;11557;727;6759;Normal
1392;14547;994;7098;High
148;13949;1094;7187;High
1369;12359;97;7422;High
13;10767;854;7252;High
1289;10338;834;7279;High
1358;11152;91;7221;High
1278;11196;918;7303;High
1331;12726;925;7194;High
1255;11750;816;713;High
125;8008;789;719;Normal
1413;14791;1067;7441;Very-High
147;14613;1047;7417;Very-High
129;16843;1073;7418;Very-High
1284;9343;894;7254;High
1329;10121;905;7142;High
1299;9648;893;726;High
122;7981;853;7138;Normal
1263;7290;781;713;Normal
1373;11509;996;7392;High
1273;11115;943;7158;High
1141;10470;777;6922;Normal
1397;12720;958;7098;High
1231;11663;804;6996;High
1227;8638;925;7004;Normal
1243;11760;885;698;High
1269;11712;993;7131;High
119;9366;812;6754;Normal
1164;8252;875;7054;Normal
1204;10665;887;7007;High
1228;9229;78;6445;Normal
115;9483;759;6781;Normal
1414;14232;1126;718;High
126;12383;987;71;High
1419;12152;1048;7179;High
1278;11098;1009;7033;High
1314;9604;875;6823;Normal
1305;7619;819;6571;Normal
1323;9842;824;7061;High
1333;11277;911;6882;High
1369;9084;936;7085;High
1248;8189;786;6685;Normal
1272;8156;826;653;Normal
1308;8151;875;6817;Normal
1246;9878;747;6394;Normal
1225;7765;838;6514;Normal
1286;8375;853;6957;Normal
1289;7888;851;6479;Normal
1223;9109;87;6919;Normal
1622;15205;116;7068;Very-High
1336;11118;826;7043;High
1248;9028;763;6834;Normal
1291;10480;743;6769;Normal
1203;11592;648;7042;Normal
1197;9078;648;6624;Normal
1225;10474;718;6701;Normal
1348;9369;797;7037;Normal
1287;9465;748;6717;Normal
1302;10981;746;6898;Normal
1251;11392;76;6649;Normal
1357;10911;796;6891;High
128;8954;698;6688;Normal
1273;9444;774;6943;Normal
1313;12399;68;6717;Normal
1293;12039;783;6959;High
1322;11828;785;6939;High
1369;10800;889;7083;High
1332;10085;815;7019;High
1358;7253;802;7315;Normal
1242;11583;778;6831;Normal
1282;12802;854;7038;High
1337;8083;792;7335;Normal
1556;16989;112;72;Very-High
1449;13648;103;7118;High
1507;12986;1075;7079;High
1355;9436;891;7097;High
1374;7366;751;6792;Normal
1378;8253;835;7018;Normal
1299;10200;914;7002;High
128;12525;876;7072;High
1224;9115;774;7052;Normal
1183;8344;774;6854;Normal
132;9388;773;7013;Normal
121;10258;786;7015;Normal
1275;7534;875;7075;Normal
1254;9215;897;6923;Normal
1215;7832;735;7233;Normal
1181;6832;918;6825;Normal
122;7526;677;7016;Normal
127;7264;729;675;Normal
1294;7293;732;675;Normal
1628;14392;1194;7352;Very-High
1481;10523;1037;7095;High
1306;10075;769;6793;Normal
1243;8874;654;6883;Normal
1294;9361;711;6745;Normal
1236;10316;71;6383;Normal
1345;10147;807;6838;Normal
1244;8982;674;6579;Normal
1432;12298;1035;7242;High
1262;9235;773;6482;Normal
136;10029;852;613;Normal
1305;8598;74;6218;Normal
1174;7769;737;7075;Normal
1318;9535;769;6723;Normal
1166;11094;792;6591;Normal
1192;8501;724;6806;Normal
1394;8887;981;6582;Normal
1228;6396;955;6334;Normal
1263;7625;95;6495;Normal
1415;10298;964;6634;High
1302;10400;846;6632;Normal
1229;7678;871;6273;Normal
1342;8704;886;6148;Normal
1275;9452;822;5916;Normal
1226;6888;814;6216;Normal
1268;7627;77;6613;Normal
1602;14233;1191;7035;Very-High
139;7506;1026;6521;Normal
1363;8308;9;6818;Normal
1308;7660;812;6613;Normal
1294;8258;879;6365;Normal
1273;7221;873;6318;Normal
1277;7298;792;6575;Normal
1359;7713;838;6947;Normal
1274;8127;806;6864;Normal
1243;6655;71;6699;Normal
1258;6659;746;6195;Normal
1573;13632;1158;7085;Very-High
142;8608;964;6922;High
1272;8125;744;659;Normal
1409;7608;864;6841;Normal
1198;8304;828;6464;Normal
1134;8198;687;5993;Low
1217;9821;795;606;Normal
1364;11994;816;6856;High
1288;6252;726;6615;Normal
1343;7507;802;6602;Normal
1202;7958;78;647;Normal
1162;5001;507;5996;Low
1291;5391;667;6517;Low
1233;5511;657;6748;Low
1162;5102;508;6718;Low
1422;13815;1105;7046;High
1105;7336;665;6565;Normal
1359;10498;856;6693;Normal
1193;7835;53;5939;Low
1419;10375;979;6693;High
1159;9195;97;6797;Normal
1272;7785;919;6906;Normal
1395;10211;1022;682;High
1048;6767;438;6627;Low
696;5523;361;6498;Low
1217;12035;991;7227;High
1106;8300;855;5964;Normal
1054;6513;63;6491;Low
874;6066;482;5753;Low
76;5030;402;658;Low
614;5633;261;6434;Low
828;5142;363;6558;Low
1181;6860;853;6626;Normal
1241;9136;8;666;Normal
1278;7018;918;6624;Normal
1273;5820;86;6581;Normal
1178;4807;565;5755;Low
329;4181;97;5512;Low
835;4569;319;66;Low
863;4671;29;6344;Low
883;4860;258;6534;Low
519;5702;196;6561;Low
1057;5709;492;656;Low
736;5593;264;6551;Low
98;4958;3;6511;Low
15;15176;1155;7038;Very-High
1295;11299;834;7134;High
1427;9186;909;6964;High
1325;6824;907;65;Normal
1429;8506;805;6716;Normal
1415;7891;838;6402;Normal
1398;7685;964;6777;Normal
1301;8252;785;6844;Normal
1425;10394;968;6862;High
1458;9134;908;6772;High
147;9192;1014;6959;High
1444;9492;881;6668;Normal
1481;8378;917;7092;High
1468;7919;811;6861;Normal
1356;8093;813;6465;Normal
1349;8529;769;6512;Normal
1357;8032;87;6928;Normal
1411;7936;826;6889;Normal
1396;9262;837;6688;Normal
1344;10626;956;6899;High
1453;9967;886;6981;High
1726;16234;126;711;Very-High
1366;10899;1097;7021;High
1519;11497;1106;6916;High
1518;10863;1089;7127;High
142;7039;739;6369;Normal
1314;10391;934;6861;High
1213;6941;494;6943;Normal
1315;9653;811;6224;Normal
131;11209;87;6455;Normal
1266;10067;829;6682;Normal
1366;11607;965;6811;High
1326;12095;1034;6959;High
126;11053;904;696;High
1256;10735;847;6779;Normal
1275;11311;918;7075;High
1307;10492;915;6841;High
1273;12367;955;7097;High
1332;12132;992;7131;High
1275;11088;852;6822;High
122;6941;52;6824;Normal
1325;7630;928;6869;Normal
1383;8099;848;6527;Normal
1344;8348;914;7087;Normal
1257;10737;851;6808;Normal
1252;10385;784;6638;Normal
1242;9912;906;6677;Normal
13;8772;867;6669;Normal
1297;11280;871;6839;High
128;11730;835;6909;High
1258;6041;609;6898;Normal
1266;5817;6;685;Normal
1313;11405;991;6836;High
1247;11102;924;626;Normal
1402;12290;1108;7293;High
1268;12434;1024;7047;High
1472;14845;1137;7264;Very-High
1359;10750;1075;7195;High
1451;10795;1063;6873;High
1371;7639;841;7067;Normal
1395;10638;876;6901;High
1239;6211;695;6449;Normal
133;9089;814;7045;Normal
1302;10035;784;6795;Normal
1235;10277;777;6569;Normal
1388;10417;844;6938;High
1357;10919;75;6823;Normal
1385;9489;869;7183;High
1327;9500;797;6947;Normal
1278;8238;766;6682;Normal
1269;10199;815;6721;Normal
1241;11189;825;7073;High
1322;8979;786;6737;Normal
165;14312;1133;7335;Very-High
143;11968;1101;7314;High
1315;9765;994;6959;High
1504;10440;1144;7258;High
1495;13035;1131;7391;Very-High
1424;13114;1046;7333;High
1452;12611;1036;6987;High
1311;10968;892;7119;High
1327;10476;831;6817;Normal
1232;10481;816;6997;Normal
1189;10254;719;6732;Normal
1216;11894;844;7074;High
1273;12119;964;7079;High
1321;11128;91;7035;High
1282;9608;837;6955;Normal
1283;11640;921;7085;High
1263;9316;815;6987;Normal
1278;7978;748;6721;Normal
1534;14778;1122;7194;Very-High
1298;12063;984;7055;High
129;10357;823;7089;High
1385;9951;82;6965;High
1197;10133;767;7104;Normal
1225;11609;763;6894;Normal
129;9833;782;7026;Normal
1281;8456;809;7102;Normal
1185;8904;634;6586;Normal
126;9395;756;6787;Normal
1238;10273;756;6977;Normal
126;11352;809;6742;Normal
1462;11912;1067;7243;High
1477;10186;984;7184;High
1236;10652;8;6941;Normal
1257;9940;868;6783;Normal
114;10706;702;6822;Normal
1195;11012;76;6838;Normal
1232;9600;844;655;Normal
1199;9562;728;6759;Normal
1198;10212;76;6833;Normal
1173;9760;717;6855;Normal
1173;8445;782;6649;Normal
1204;11612;727;6865;Normal
1228;10412;758;6496;Normal
1204;9450;738;6456;Normal
117;8136;658;6788;Normal
1155;9795;645;6521;Normal
1439;14697;1037;7032;High
1289;12765;971;6988;High
1283;8758;908;6614;Normal
1331;13288;951;6883;High
1358;10162;861;6884;High
1359;9592;901;6745;Normal
1355;10045;805;6795;Normal
1284;10098;785;6767;Normal
1296;8284;824;6615;Normal
1326;7844;79;6714;Normal
1271;10036;788;6616;Normal
123;11071;789;6273;Normal
1268;9135;792;6739;Normal
1297;9102;714;6782;Normal
16;13633;1158;6972;High
1261;9858;782;7018;Normal
1219;9741;76;6709;Normal
1215;9107;696;6804;Normal
1217;9781;767;6887;Normal
1283;9908;757;7031;Normal
129;11052;751;6946;Normal
1244;8559;819;6871;Normal
1233;8979;735;6895;Normal
1173;10553;722;6959;Normal
1228;7724;747;6853;Normal
1278;10190;801;6944;Normal
1161;7774;66;6771;Normal
1199;8205;71;6956;Normal
1197;8355;759;6285;Normal
1423;11952;109;7101;High
1429;11636;1061;7129;High
1187;12666;784;7018;High
1268;12043;82;7073;High
1183;13281;815;7064;High
1151;12011;718;6973;Normal
1175;12836;68;7078;Normal
1135;11573;636;6747;Normal
1149;11302;814;7159;High
1283;15560;978;7286;High
1282;13976;981;6964;High
1216;11945;781;7052;High
1275;14256;835;7021;High
1388;14217;871;6457;High
1243;11499;627;6144;Normal
1232;11894;67;6691;Normal
1295;17560;1112;7324;Very-High
1408;15292;998;7193;High
1295;18128;1105;7267;Very-High
1248;12264;846;6827;High
1331;23363;1157;7393;Very-High
1343;17339;1164;7427;Very-High
1323;16994;1124;7392;Very-High
1278;20298;1038;7345;Very-High
1261;18121;1069;7308;High
1245;10790;815;7266;High
1244;10323;788;7086;Normal
122;8618;68;7049;Normal
119;7874;693;697;Normal
1264;10203;858;7326;High
118;7597;75;7103;Normal
1248;7761;713;6896;Normal
1367;9190;76;7132;Normal
1207;9297;736;7311;Normal
1222;10212;662;7166;Normal
1219;9416;691;6968;Normal
1294;10153;817;7214;High
1222;9633;598;7111;Normal
1168;10715;684;7192;Normal
1209;11372;775;7061;Normal
1207;11277;735;7181;Normal
1305;11155;884;7343;High
1183;8329;797;7203;Normal
1204;8968;758;7084;Normal
1338;11348;103;7321;High
134;10609;953;7211;High
1418;16630;1063;74;Very-High
1309;11397;989;7199;High
1376;15755;1109;7476;Very-High
139;15262;1085;7417;Very-High
1377;11921;1094;7375;High
1342;9855;904;717;High
132;10329;86;7059;High
1263;10777;735;7418;High
1248;10274;692;7339;Normal
1264;11240;741;7345;High
1195;9786;7;7298;Normal
1142;9160;628;7391;Normal
1291;8757;734;7311;Normal
1348;10048;77;744;High
1169;10503;675;7146;Normal
1248;9025;757;7347;Normal
1216;12758;755;7579;High
1313;11738;824;7667;High
1381;11100;884;7754;High
1245;9117;688;7605;Normal
1366;11223;851;7736;High
1265;12391;722;756;High
1228;10097;667;7455;Normal
1214;9385;646;7412;Normal
1205;10191;695;7439;Normal
123;10190;718;7593;High
1321;10979;862;7647;High
1271;10169;743;7571;High
1286;10001;748;7529;High
1285;11807;788;7562;High
1208;9142;694;7547;Normal
127;11257;705;743;High
1188;9203;662;7456;Normal
1217;10221;674;7353;Normal
1191;8186;632;7311;Normal
1234;9433;67;7128;Normal
1202;9890;619;6884;Normal
138;11994;1031;7672;High
1452;14528;1053;7711;Very-High
15;15464;104;7711;Very-High
155;14895;1051;7723;Very-High
1279;12312;857;7425;High
129;12830;83;743;High
1556;13946;932;7482;High
1424;9698;865;7512;High
1503;15386;935;7366;High
1295;9163;7;7392;Normal
1671;15844;1066;7469;Very-High
1705;18629;1144;7445;Very-High
131;11380;739;7097;High
1261;8527;719;7152;Normal
1371;9426;717;7243;Normal
1212;9400;727;7335;Normal
1305;10455;806;7374;High
1244;10327;727;7316;Normal
1287;10853;768;7237;High
1287;9844;718;7226;Normal
1179;8931;621;697;Normal
1321;9090;607;6874;Normal
1269;11828;712;7034;High
1295;10429;562;6627;Normal
1301;9692;611;6873;Normal
1207;10700;571;6671;Normal
123;9933;683;7001;Normal
1475;14168;1024;7382;High
1253;12454;818;7224;High
1299;10999;821;7204;High
1284;11768;761;7125;High
1313;11351;757;7097;High
1373;11539;795;723;High
1268;11187;688;7192;Normal
1235;9926;677;7107;Normal
1219;10048;652;7101;Normal
1346;11108;783;7204;High
1371;12845;896;7246;High
1158;8393;533;6994;Normal
1176;8569;436;6779;Normal
1362;8536;635;6722;Normal
1307;8722;523;7094;Normal
1496;11976;991;738;High
1402;13391;99;7336;High
154;16158;1016;7293;Very-High
1356;11796;849;70;High
1359;12931;91;7118;High
1382;13155;999;7301;High
1421;15616;1111;7259;Very-High
1478;17157;1046;7398;Very-High
1404;12466;877;7237;High
1285;11994;862;6964;High
1342;8613;672;6424;Normal
1193;8634;621;6679;Normal
128;12179;827;6961;High
1239;10693;718;6422;Normal
1383;14443;1051;7145;High
1313;12900;973;6643;High
1265;13261;862;6758;High
1442;15672;1178;7226;Very-High
1323;13886;865;7168;High
1261;11666;795;7191;High
1296;14245;864;7323;High
1395;17325;1006;7471;Very-High
1371;14376;892;7326;High
1295;11318;775;707;High
1231;11160;713;7005;Normal
1239;10050;597;7005;Normal
1289;13235;704;7136;High
1398;19698;1116;7438;Very-High
1347;10284;703;6587;Normal
1336;11367;616;6616;Normal
1347;9796;596;6559;Normal
135;9268;645;6533;Normal
129;9028;772;669;Normal
133;8743;812;662;Normal
1327;8354;759;6571;Normal
136;11496;824;6734;High
127;8888;581;665;Normal
1552;14797;943;7124;High
1498;10825;103;6984;High
131;7566;73;6638;Normal
1288;7275;652;6658;Normal
128;9351;674;6445;Normal
1383;7472;711;6386;Normal
1255;6855;647;6591;Normal
1329;6357;726;6645;Normal
1225;7403;708;6381;Normal
1209;6750;781;608;Normal
1226;7253;795;6657;Normal
1289;7573;742;647;Normal
127;7958;669;6661;Normal
1376;8995;779;6475;Normal
1268;8857;807;6759;Normal
1271;7175;726;6623;Normal
1316;6484;724;638;Normal
1155;7426;718;6658;Normal
1232;6093;576;6796;Normal
1304;6298;632;6802;Normal
1246;8219;782;6662;Normal
1134;5809;665;6762;Low
1312;5245;606;5953;Low
1276;5894;66;6452;Low
1608;13199;1146;689;High
1255;8860;712;7018;Normal
1252;9774;668;685;Normal
1201;9072;627;7328;Normal
1237;7183;709;7234;Normal
1231;7779;663;7054;Normal
1154;8126;694;7105;Normal
1177;8988;704;7069;Normal
1198;8624;673;7129;Normal
1203;7074;725;7212;Normal
1156;7326;658;7124;Normal
1113;8202;666;7256;Normal
1179;7552;586;6771;Normal
1359;8532;681;7004;Normal
1481;14322;99;7241;High
1287;11514;757;7141;High
1255;10931;837;6964;High
127;12788;836;7043;High
1268;11556;79;6975;High
1254;10738;751;6864;Normal
1253;11242;869;6689;Normal
124;9357;859;7128;Normal
121;8482;784;7145;Normal
1246;10996;795;6931;Normal
1197;9110;776;6924;Normal
1221;10327;865;6562;Normal
1239;9807;77;6792;Normal
1176;10504;897;7024;High
1281;11000;905;6806;High
1173;10164;745;6943;Normal
1493;13677;1142;7316;Very-High
125;12062;8;6823;High
1195;11209;738;6908;Normal
1183;11579;719;6889;Normal
1199;12571;729;6666;Normal
1237;9780;732;6559;Normal
1185;11847;754;6998;Normal
1207;12535;772;6559;Normal
1218;12138;78;6554;Normal
1283;9567;736;6324;Normal
1253;11227;857;7012;High
1233;11710;77;6974;High
1236;11442;704;6737;Normal
1391;14256;993;7075;High
1479;13590;1093;7167;High
1367;11917;948;7396;High
1299;10605;822;7228;High
1288;9849;807;7257;High
1357;10959;884;7193;High
1265;10614;908;7276;High
133;12207;898;7168;High
1254;11492;803;7105;High
1248;7653;769;7156;Normal
1412;14557;1065;7418;High
1466;14466;1046;7393;High
1289;16698;1072;7394;High
1282;8943;887;725;High
1327;9853;904;714;High
1298;9310;892;7255;High
1219;7511;849;7135;Normal
1262;6956;773;7127;Normal
137;11153;994;7388;High
1268;10731;924;7126;High
113;10054;759;6886;Normal
1396;12319;956;7067;High
1204;11397;79;696;Normal
122;8525;9;6971;Normal
1208;11410;884;6947;High
1265;11318;961;7103;High
1188;8992;811;6721;Normal
1151;8097;857;7014;Normal
1174;10354;882;6977;Normal
1223;8743;773;6419;Normal
1148;8856;757;6751;Normal
1412;13814;1104;7152;High
1226;12168;965;7072;High
1417;11647;1025;7143;High
1275;10663;1004;6997;High
1313;9488;852;6778;Normal
1304;7545;814;6512;Normal
1322;9712;806;7032;Normal
1289;11159;898;6845;High
1368;8936;904;7051;High
1247;8106;785;6637;Normal
1271;8017;796;6471;Normal
1307;8079;874;6759;Normal
1245;9808;718;6357;Normal
1182;7608;816;6461;Normal
1285;8236;843;6915;Normal
1288;7810;844;6421;Normal
1222;8985;858;6877;Normal
162;15074;1133;7031;Very-High
1334;10814;802;7008;High
1246;8666;74;6803;Normal
1279;10331;734;6727;Normal
1201;11153;647;7011;Normal
1195;8957;621;6589;Normal
1222;10134;691;6664;Normal
1329;9179;775;7011;Normal
1285;9098;729;6683;Normal
1299;10558;743;6874;Normal
1241;11197;749;6612;Normal
1356;10622;786;686;High
1267;8686;697;665;Normal
1257;9291;763;6902;Normal
1311;12057;679;6679;Normal
1291;11834;779;6915;High
132;11508;784;6898;High
1368;10683;868;7055;High
133;9705;797;6984;Normal
135;7087;794;728;Normal
1239;11429;753;679;Normal
1281;12346;845;7003;High
1335;7783;776;7309;Normal
1555;16597;1109;717;Very-High
1447;13303;1029;7088;High
1506;12662;1051;7049;High
1353;9262;869;7072;High
1353;7209;75;676;Normal
1377;8098;819;6997;Normal
1298;10004;894;6976;High
1239;12384;857;7038;High
1223;8914;773;7024;Normal
1182;8190;754;6817;Normal
1315;9136;772;6985;Normal
1209;10133;767;6994;Normal
1274;7393;854;7056;Normal
1233;9050;881;6895;Normal
1189;7606;718;7199;Normal
1159;6601;917;6806;Normal
1213;7405;676;6997;Normal
1235;7160;728;6733;Normal
1256;7192;707;6733;Normal
162;14168;1169;7326;Very-High
148;10374;1013;7072;High
1303;9839;746;6745;Normal
1242;8654;653;6825;Normal
1291;9071;683;6698;Normal
1235;10076;685;6325;Normal
1344;9827;804;6795;Normal
1243;8780;672;6536;Normal
1431;11908;1034;7202;High
1259;9051;75;6458;Normal
1358;9904;825;6105;Normal
1302;8355;724;6197;Normal
1158;7597;722;7062;Normal
1314;9308;753;6694;Normal
1159;10915;768;6562;Normal
1171;8243;723;6779;Normal
1392;8721;958;6559;Normal
1227;6275;939;6319;Normal
1262;7481;949;6477;Normal
1414;10106;93;6619;High
1279;10203;832;6616;Normal
1209;7518;87;6252;Normal
1341;8543;885;612;Normal
1257;9268;802;5884;Normal
1189;6721;8;6187;Normal
1248;7506;742;6592;Normal
1601;13993;1166;7012;Very-High
1389;7323;1018;6489;Normal
1362;7980;872;678;Normal
1307;7418;788;6578;Normal
1293;7885;865;6316;Normal
1266;7044;857;6283;Normal
1276;7156;762;6542;Normal
1358;7519;837;6915;Normal
1273;7969;797;6819;Normal
1241;6294;696;6658;Normal
1214;6455;744;6158;Low
1572;13166;1126;705;High
1391;8232;963;6887;Normal
1253;7816;727;6555;Normal
1385;7357;851;6812;Normal
1176;8071;809;6425;Normal
1105;7927;675;5953;Low
1194;9622;777;6015;Normal
1363;11789;804;6822;High
1256;6062;715;6583;Normal
1321;7240;783;6571;Normal
118;7760;763;6442;Normal
1132;4859;494;5956;Low
1267;5168;653;6493;Low
1232;5225;648;6716;Low
1133;4979;497;6689;Low
1421;13484;1093;70;High
1083;7159;652;6536;Normal
1324;10430;849;6671;Normal
1158;7637;517;5899;Low
1417;10160;96;6666;High
1114;9143;953;6772;Normal
1224;7739;907;6885;Normal
1394;9969;10;68;High
1047;6535;42;6594;Low
659;5459;351;6465;Low
1177;11700;976;7206;High
1099;8211;832;5916;Normal
1053;6268;629;6456;Low
847;5882;474;5688;Low
759;4737;401;6552;Low
579;5578;249;6408;Low
804;4946;362;653;Low
1155;6814;852;66;Normal
1214;8918;783;6635;Normal
1277;6978;887;6599;Normal
1272;5769;839;6553;Normal
113;4755;546;5718;Low
295;4131;85;5482;Low
801;4517;318;6579;Low
833;4609;278;6314;Low
846;4799;244;651;Low
493;5506;195;6533;Low
1013;5522;491;6532;Low
711;5440;251;6526;Low
979;4761;299;6483;Low
1499;14922;113;7015;High
1291;11059;817;712;High
